-- ุงููุณุชุฎุฏููู (10 ูุณุชุฎุฏููู)
INSERT INTO users (id, email, "emailVerified", password, "firstName", "lastName", role, location, occupation, bio, avatar, "coverImage", "joinDate", "createdAt", "updatedAt") VALUES
('usr001', 'nadia.amazigh@example.com', NOW(), 'pass123', 'ูุงุฏูุฉ', 'ุฃูุช ุนูู', 'admin', 'ุงููุจุงุฆู', 'ูุบููุฉ', 'ุจุงุญุซุฉ ูู ุงูููุฌุงุช ุงูุฃูุงุฒูุบูุฉ', 'https://avatar.com/nadia.png', 'https://cover.com/kabylie.jpg', '2023-01-15', NOW(), NOW()),
('usr002', 'karim.tifinagh@example.com', NOW(), 'pass456', 'ูุฑูู', 'ุฒูุฑู', 'user', 'ุงูุฃุทูุณ ุงููุชูุณุท', 'ูุนูู', 'ุฃูุฏุฑูุณ ุงููุบุฉ ุงูุฃูุงุฒูุบูุฉ ููุฃุทูุงู', 'https://avatar.com/karim.png', 'https://cover.com/atlas.jpg', '2023-02-20', NOW(), NOW()),
('usr003', 'laila.chaoui@example.com', NOW(), 'pass789', 'ูููู', 'ุดุงูู', 'moderator', 'ุงูุฃูุฑุงุณ', 'ููุงูุฉ', 'ุฃุตูุน ุงููุฎุงุฑ ุงูุชูููุฏู ุงูุฃูุงุฒูุบู', 'https://avatar.com/laila.png', 'https://cover.com/chaoui.jpg', '2023-03-10', NOW(), NOW()),
('usr004', 'youssef.soussi@example.com', NOW(), 'pass101', 'ููุณู', 'ุฃูุฒุงู', 'user', 'ุณูุณ', 'ููุณููู', 'ุนุงุฒู ุนูู ุขูุฉ ููุทุงุฑ ุงูุฃูุงุฒูุบูุฉ', 'https://avatar.com/youssef.png', 'https://cover.com/souss.jpg', '2023-04-05', NOW(), NOW()),
('usr005', 'fatima.rifi@example.com', NOW(), 'pass112', 'ูุงุทูุฉ', 'ุฏุงุฏุณู', 'user', 'ุฑูู', 'ูุงุชุจุฉ', 'ุฃูุชุจ ูุตุตุงู ุจุงููุบุฉ ุงูุฃูุงุฒูุบูุฉ', 'https://avatar.com/fatima.png', 'https://cover.com/rif.jpg', '2023-05-12', NOW(), NOW()),
('usr006', 'aziz.kabyle@example.com', NOW(), 'pass131', 'ุนุฒูุฒ', 'ูุนุชูู', 'user', 'ุจุฌุงูุฉ', 'ูุฒุงุฑุน', 'ุฃุฒุฑุน ุฒูุชูู ุงูุฃุทูุณ ููุฐ 20 ุนุงูุงู', 'https://avatar.com/aziz.png', 'https://cover.com/olive.jpg', '2023-06-18', NOW(), NOW()),
('usr007', 'zahra.tamazight@example.com', NOW(), 'pass415', 'ุฒูุฑุฉ', 'ุฃูุฒุฑู', 'user', 'ูุฒุงุจ', 'ุทุจูุจุฉ', 'ุฃุนูู ุนูู ุงูุญูุงุธ ุนูู ุงูุทุจ ุงูุชูููุฏู ุงูุฃูุงุฒูุบู', 'https://avatar.com/zahra.png', 'https://cover.com/medicine.jpg', '2023-07-22', NOW(), NOW()),
('usr008', 'mohamed.zenet@example.com', NOW(), 'pass161', 'ูุญูุฏ', 'ุฒูุงุชู', 'moderator', 'ุบุฏุงูุณ', 'ูุฑุดุฏ ุณูุงุญู', 'ุฃุฑูู ุชุงุฑูุฎ ุงูุฃูุงุฒูุบ ุงูุนุฑูู ููุฒูุงุฑ', 'https://avatar.com/mohamed.png', 'https://cover.com/history.jpg', '2023-08-30', NOW(), NOW()),
('usr009', 'amina.targa@example.com', NOW(), 'pass181', 'ุฃูููุฉ', 'ุทุงุฑู', 'user', 'ุงูุฑูู', 'ุฎุจูุฑุฉ ุฃุฒูุงุก', 'ุฃุตูู ุงูุฃุฒูุงุก ุงูุชูููุฏูุฉ ุงูุฃูุงุฒูุบูุฉ', 'https://avatar.com/amina.png', 'https://cover.com/fashion.jpg', '2023-09-05', NOW(), NOW()),
('usr010', 'rachid.amazigh@example.com', NOW(), 'pass919', 'ุฑุดูุฏ', 'ุฃูุงุฒูุบ', 'admin', 'ุชููุฑุงุณุช', 'ุฌููููุฌู', 'ุฃุฏุฑุณ ุงูุทุจูุนุฉ ุงูุฃูุงุฒูุบูุฉ ูู ุงูุตุญุฑุงุก', 'https://avatar.com/rachid.png', 'https://cover.com/desert.jpg', '2023-10-11', NOW(), NOW());

-- ุงูุดุงุฑุงุช (6 ุดุงุฑุงุช)
INSERT INTO badges (id, name, color, description) VALUES
('badge1', 'โดฐโตโตโดฐโตกโต', 'ุฐูุจู', 'ูุณุงูู ุซูุงูู'),
('badge2', 'โตโตฃโตฃโดฐโตโต', 'ูุถู', 'ูุงุดุท ูุบูู'),
('badge3', 'โดฐโตโตโตโดฐโตก', 'ุจุฑููุฒู', 'ุญููุงุชู ุชูููุฏู'),
('badge4', 'โดฐโตโตโดทโดฐโต', 'ุฃุฒุฑู', 'ููุงู ูุจุฏุน'),
('badge5', 'โดฐโตโตโตโดฐโต', 'ุฃุฎุถุฑ', 'ุญุงูุธ ุงูุจูุฆุฉ'),
('badge6', 'โตโตโดทโดฐโดท', 'ุฃุญูุฑ', 'ุจุทู ุฑูุงุถู');

-- ููุดูุฑุงุช (20 ููุดูุฑ)
INSERT INTO posts (id, title, content, "authorId", timestamp, category, "subcategory", image, views, "createdAt", "updatedAt") VALUES
('post1', 'ุงูุงุญุชูุงู ุจุฑุฃุณ ุงูุณูุฉ ุงูุฃูุงุฒูุบูุฉ', 'ุงูููู ูุญุชูู ุจโตโตโตโดฐโตขโต 2974ุ ุณูุฉ ุฌุฏูุฏุฉ ูุจุงุฑูุฉ ูุฌููุน ุงูุฃูุงุฒูุบ ุญูู ุงูุนุงูู!', 'usr001', '2024-01-12 10:30:00', 'โดฐโตโดณโดฐโตก (ุซูุงูุฉ)', 'โตโตโตโตโตฃ (ุฃุนูุงุฏ)', 'https://images.com/yennayer.jpg', 150, NOW(), NOW()),
('post2', 'ูุฑุดุฉ ูุชุนููู ุชููููุงุบ', 'ุณูุชู ุชูุธูู ูุฑุดุฉ ุนูู ูุชุนููู ูุชุงุจุฉ ุชููููุงุบ ููุฃุทูุงู ูู ููู ุณุจุช', 'usr002', '2024-03-05 14:00:00', 'โตโดฐโตโตโดฐ (ูุบุฉ)', 'โตโตโดผโตโตโดฐโต (ุชููููุงุบ)', NULL, 89, NOW(), NOW()),
('post3', 'ูุตูุฉ ุงููุณูุณ ุงูุฃูุงุฒูุบู', 'ุทุฑููุฉ ุชุญุถูุฑ ุงููุณูุณ ุจุงูุฎุถุงุฑ ูุงูุณูุฑุฌู ููุง ุชุทุจุฎู ุฌุฏุงุชูุง ูู ุงูุฃุทูุณ', 'usr003', '2024-02-18 09:15:00', 'โดฐโตโดฐโดฝโต (ุทุนุงู)', 'โดฝโตโดฝโตโต (ูุณูุณ)', 'https://images.com/couscous.jpg', 210, NOW(), NOW()),
('post4', 'ููุฑุฌุงู ุฃุญูุงุด ุงูุณููู', 'ุงูุทูุงู ููุฑุฌุงู ุงูุฑูุต ุงูุฃูุงุฒูุบู ุงูุชูููุฏู ูู ูุฑุงูุด ูุฐุง ุงูุฃุณุจูุน', 'usr004', '2024-04-22 16:45:00', 'โดฐโตโดณโดฐโตก (ุซูุงูุฉ)', 'โดฐโตโตกโดฐโต (ุฃุญูุงุด)', 'https://images.com/ahwash_fest.jpg', 120, NOW(), NOW()),
('post5', 'ูุนุฑุถ ุงูุญุฑู ุงููุฏููุฉ', 'ุงูุชุชุงุญ ูุนุฑุถ ููุญุฑู ุงููุฏููุฉ ุงูุฃูุงุฒูุบูุฉ ูู ุงูุฌุฒุงุฆุฑ ุงูุนุงุตูุฉ', 'usr005', '2024-03-18 11:20:00', 'โดฐโตโต (ูู)', 'โตโดฐโตโตฃโตโตโต (ุญุฑู ูุฏููุฉ)', 'https://images.com/crafts.jpg', 95, NOW(), NOW()),
('post6', 'ูุฏูุฉ ุนู ุงูุชุงุฑูุฎ ุงูุฃูุงุฒูุบู', 'ูุญุงุถุฑุฉ ููุฏูุชูุฑ ูุญูุฏ ุฃุฑููู ุนู ุชุงุฑูุฎ ุงูุฃูุงุฒูุบ ูู ุดูุงู ุฃูุฑูููุง', 'usr001', '2024-02-10 14:30:00', 'โตโดฐโตโตโต (ุชุงุฑูุฎ)', 'โตโตโดฐโตฃโตโตโต (ุงูุฃูุงุฒูุบ)', 'https://images.com/history_conf.jpg', 180, NOW(), NOW()),
('post7', 'ูุดุฑูุน ูุชุนููู ุงูุฃูุงุฒูุบูุฉ', 'ุฅุทูุงู ูุจุงุฏุฑุฉ ูุชุนููู ุงููุบุฉ ุงูุฃูุงุฒูุบูุฉ ูู ุงููุฏุงุฑุณ ุงูุงุจุชุฏุงุฆูุฉ', 'usr002', '2024-01-28 09:00:00', 'โตโดฐโตโตโดฐ (ูุบุฉ)', 'โตโตโตโตโดฐ (ุชุนููู)', 'https://images.com/language_project.jpg', 145, NOW(), NOW()),
('post8', 'ุทุจู ุชุงููุง ุงูุชูููุฏู', 'ุทุฑููุฉ ุชุญุถูุฑ ุชุงููุง (ุงูุทุงุฌูู ุงูุฃูุงุฒูุบู) ุจุงููุญู ูุงูุฎุถุฑูุงุช', 'usr006', '2024-04-05 12:30:00', 'โดฐโตโดฐโดฝโต (ุทุนุงู)', 'โตโดฐโดฝโตโดฐ (ุชุงููุง)', 'https://images.com/takla.jpg', 175, NOW(), NOW()),
('post9', 'ุชูุงููุฏ ุงูุฒูุงุฌ ุงูุฃูุงุฒูุบู', 'ุงุณุชุนุฑุงุถ ููุชูุงููุฏ ูุงูุทููุณ ุงูุฃูุงุฒูุบูุฉ ูู ุญููุงุช ุงูุฒูุงู', 'usr007', '2024-03-30 15:20:00', 'โดฐโตโดณโดฐโตก (ุซูุงูุฉ)', 'โตโตโตโตโดทโดฐโต (ุฒูุงุฌ)', 'https://images.com/wedding.jpg', 110, NOW(), NOW()),
('post10', 'ุงูููุณููู ุงูุฃูุงุฒูุบูุฉ ุงููุฏููุฉ', 'ุงุณุชุนุงุฏุฉ ุงูุฃูุญุงู ุงูุชูููุฏูุฉ ูููุจุงุฆู ุงูุฃูุงุฒูุบูุฉ ูู ุฌุจุงู ุงูุฃูุฑุงุณ', 'usr004', '2024-02-14 17:45:00', 'โดฐโตโดณโดฐโตก (ุซูุงูุฉ)', 'โดฐโตโตโตโดฐโต (ููุณููู)', 'https://images.com/music.jpg', 130, NOW(), NOW());

-- ูุชุจ (10 ูุชุจ)
INSERT INTO books (id, title, content, "authorId", timestamp, category, "subcategory", image, pages, language, isbn, views, "createdAt", "updatedAt") VALUES
('book1', 'ุฃุณุงุทูุฑ ุฃูุงุฒูุบูุฉ', 'ูุฌููุนุฉ ูู ุงูุฃุณุงุทูุฑ ุงูุฃูุงุฒูุบูุฉ ุงููุฏููุฉ ุงูุชู ุชุฑูููุง ุงูุฌุฏุงุช', 'usr005', '2023-11-20 16:45:00', 'ูุชุงุจ', 'โดฐโตโตฃโตโต (ุฃุณุงุทูุฑ)', 'https://images.com/legends.jpg', 120, 'ุงูุนุฑุจูุฉ', 'ISBN-12345', 75, NOW(), NOW()),
('book2', 'ููุงุนุฏ ุงููุบุฉ ุงูุฃูุงุฒูุบูุฉ', 'ุฏููู ุดุงูู ูููุงุนุฏ ุงููุญู ูุงูุตุฑู ูู ุงูููุฌุฉ ุงููุจุงุฆููุฉ', 'usr001', '2023-09-15 11:20:00', 'ูุชุงุจ', 'โตโดฐโตโตโดฐ (ูุบุฉ)', 'https://images.com/grammar.jpg', 200, 'ุงูุนุฑุจูุฉ', 'ISBN-67890', 120, NOW(), NOW()),
('book3', 'ุชุงุฑูุฎ ุงูููุงููุฉ ุงูุฃูุงุฒูุบูุฉ', 'ุณุฑุฏ ุชุงุฑูุฎู ูููุงููุฉ ุงูุฃูุงุฒูุบ ุนุจุฑ ุงูุนุตูุฑ', 'usr010', '2023-12-10 14:15:00', 'ูุชุงุจ', 'โตโดฐโตโตโต (ุชุงุฑูุฎ)', 'https://images.com/resistance.jpg', 250, 'ุงูุนุฑุจูุฉ', 'ISBN-11223', 95, NOW(), NOW()),
('book4', 'ุงูุฃุฏุจ ุงูุฃูุงุฒูุบู ุงูุญุฏูุซ', 'ุฏุฑุงุณุฉ ููุฃุนูุงู ุงูุฃุฏุจูุฉ ุงูุฃูุงุฒูุบูุฉ ูู ุงููุฑู ุงูุนุดุฑูู', 'usr005', '2024-01-25 10:30:00', 'ูุชุงุจ', 'โตโตโตโตโตโดฐโต (ุฃุฏุจ)', 'https://images.com/literature.jpg', 180, 'ุงูุนุฑุจูุฉ', 'ISBN-44556', 85, NOW(), NOW()),
('book5', 'ุงูุทุจ ุงูุชูููุฏู ุงูุฃูุงุฒูุบู', 'ุงุณุชุฎุฏุงูุงุช ุงููุจุงุชุงุช ุงูุทุจูุฉ ูู ุงูุทุจ ุงูุฃูุงุฒูุบู ุงูุชูููุฏู', 'usr007', '2024-02-18 09:45:00', 'ูุชุงุจ', 'โตโตโตโตโตโต (ุทุจ)', 'https://images.com/medicine_book.jpg', 160, 'ุงูุนุฑุจูุฉ', 'ISBN-77889', 110, NOW(), NOW());

-- ุฃููุงุฑ (10 ุฃููุงุฑ)
INSERT INTO ideas (id, title, content, "authorId", timestamp, category, "subcategory", image, status, priority, votes, views, "createdAt", "updatedAt") VALUES
('idea1', 'ูุชุญู ุฃูุงุฒูุบู ุฑููู', 'ุฅูุดุงุก ูุชุญู ุงูุชุฑุงุถู ูุนุฑุถ ุงูุชุฑุงุซ ุงูุฃูุงุฒูุบู ููุนุงูู', 'usr004', '2023-12-05 13:30:00', 'โตโดทโตโดฐโต (ูุดุงุฑูุน)', 'โดฐโตโดณโดฐโตก (ุซูุงูุฉ)', 'https://images.com/museum.jpg', 'ููุฏ ุงููุฑุงุฌุนุฉ', 'ุนุงููุฉ', 45, 180, NOW(), NOW()),
('idea2', 'ูุงููุณ ุชููููุงุบ-ุนุฑุจู', 'ุชุทููุฑ ูุงููุณ ุฅููุชุฑููู ุจูู ุชููููุงุบ ูุงูุนุฑุจูุฉ', 'usr002', '2024-01-22 15:00:00', 'โตโดฐโตโตโดฐ (ูุบุฉ)', 'โตโตโดผโตโตโดฐโต (ุชููููุงุบ)', NULL, 'ููุจูู', 'ูุชูุณุทุฉ', 67, 95, NOW(), NOW()),
('idea3', 'ุญุฏููุฉ ูุจุงุชุงุช ุฃูุงุฒูุบูุฉ', 'ุฅูุดุงุก ุญุฏููุฉ ุชุญูู ุงููุจุงุชุงุช ุงููุณุชุฎุฏูุฉ ูู ุงูุทุจ ุงูุชูููุฏู', 'usr007', '2024-03-12 11:20:00', 'โตโตโตโดฐ (ุทุจูุนุฉ)', 'โตโตโตโตโตโต (ุทุจ)', 'https://images.com/garden.jpg', 'ูููุฐ', 'ุนุงููุฉ', 92, 150, NOW(), NOW()),
('idea4', 'ููุฑุฌุงู ุฃููุงู ุฃูุงุฒูุบูุฉ', 'ุชูุธูู ููุฑุฌุงู ุณููู ููุฃููุงู ูุงููุซุงุฆููุงุช ุงูุฃูุงุฒูุบูุฉ', 'usr009', '2024-02-28 14:45:00', 'โดฐโตโต (ูู)', 'โดฐโตโตโดฐโต (ุณูููุง)', 'https://images.com/film_fest.jpg', 'ููุชุฑุญ', 'ูุชูุณุทุฉ', 58, 120, NOW(), NOW()),
('idea5', 'ููุตุฉ ุชุนููู ุฃูุงุฒูุบูุฉ', 'ุฅูุดุงุก ููุตุฉ ุฅููุชุฑูููุฉ ูุชุนููู ุงููุบุฉ ุงูุฃูุงุฒูุบูุฉ ูุฌุงูุงู', 'usr002', '2024-01-15 10:30:00', 'โตโดฐโตโตโดฐ (ูุบุฉ)', 'โตโตโตโตโดฐ (ุชุนููู)', 'https://images.com/learning.jpg', 'ููุฏ ุงูุชูููุฐ', 'ุนุงููุฉ', 105, 210, NOW(), NOW());

-- ุตูุฑ (10 ุตูุฑ)
INSERT INTO images (id, title, description, category, "subcategory", image, "authorId", timestamp, location, resolution, tags, views, "createdAt", "updatedAt") VALUES
('img1', 'ุฒุฎุงุฑู ุฃูุงุฒูุบูุฉ', 'ุฒุฎุงุฑู ุชูููุฏูุฉ ูู ุงูุณุฌุงุฏ ุงูุฃูุงุฒูุบู', 'โดฐโตโต (ูู)', 'โตโดฐโตโตฃโตโตโต (ุฒุฎุงุฑู)', 'https://images.com/art.jpg', 'usr003', '2024-02-10 12:00:00', 'ุงูุฃูุฑุงุณ', '1920x1080', '{"ูู","ุชุฑุงุซ","ุญุฑู ูุฏููุฉ"}', 210, NOW(), NOW()),
('img2', 'ุฌุจุงู ุงูุฃุทูุณ', 'ููุธุฑ ุดุชูู ูุฌุจุงู ุงูุฃุทูุณ ุงููุบุทุงุฉ ุจุงูุซููุฌ', 'โตโตโตโดฐ (ุทุจูุนุฉ)', 'โดฐโดทโตโดฐโต (ุฌุจุงู)', 'https://images.com/atlas.jpg', 'usr004', '2024-01-05 09:30:00', 'ุงูุฃุทูุณ ุงููุจูุฑ', '3840x2160', '{"ุทุจูุนุฉ","ุฌุจุงู","ุซูุฌ"}', 320, NOW(), NOW()),
('img3', 'ุงูุญูู ุงูุฃูุงุฒูุบูุฉ', 'ูุฌููุนุฉ ูู ุงูุญูู ุงููุถูุฉ ุงูุชูููุฏูุฉ', 'โดฐโตโต (ูู)', 'โตโตโดฑโตโตโตโตโต (ุญูู)', 'https://images.com/jewelry.jpg', 'usr009', '2024-03-15 14:20:00', 'ุณูุณ', '2560x1440', '{"ุญูู","ูุถุฉ","ุชุฑุงุซ"}', 185, NOW(), NOW()),
('img4', 'ูุงุญุฉ ุฃูุงุฒูุบูุฉ', 'ูุงุญุฉ ูุฎูู ูู ุงูุตุญุฑุงุก ุงููุจุฑู', 'โตโตโตโดฐ (ุทุจูุนุฉ)', 'โตโตโตโดฐโตโตโดฐ (ูุงุญุงุช)', 'https://images.com/oasis.jpg', 'usr010', '2024-04-10 11:30:00', 'ุชููุฑุงุณุช', '4000x3000', '{"ุทุจูุนุฉ","ุตุญุฑุงุก","ูุงุญุฉ"}', 145, NOW(), NOW()),
('img5', 'ุงูุฒุฑุงุจู ุงูุฃูุงุฒูุบูุฉ', 'ุณุฌุงุฏ ุชูููุฏู ููุณูุฌ ูุฏููุงู', 'โดฐโตโต (ูู)', 'โตโดฐโตโตฃโตโตโต (ุญุฑู ูุฏููุฉ)', 'https://images.com/carpet.jpg', 'usr006', '2024-02-25 10:45:00', 'ุงููุจุงุฆู', '1920x1080', '{"ุณุฌุงุฏ","ุญุฑู ูุฏููุฉ","ูุณูุฌ"}', 165, NOW(), NOW());

-- ููุงุทุน ููุฏูู (10 ููุฏูููุงุช)
INSERT INTO videos (id, title, content, "authorId", timestamp, category, "subcategory", image, duration, quality, language, views, "createdAt", "updatedAt") VALUES
('vid1', 'ุฑูุตุฉ ุฃุญูุงุด', 'ุนุฑุถ ูุฑูุตุฉ ุฃุญูุงุด ุงูุชูููุฏูุฉ ูู ุฌููุจ ุงููุบุฑุจ', 'usr004', '2023-10-15 18:00:00', 'ููุฏูู', 'โดฐโตโตกโดฐโต (ุฃุญูุงุด)', 'https://images.com/ahwash.jpg', '00:05:30', 'HD', 'ุงูุฃูุงุฒูุบูุฉ', 450, NOW(), NOW()),
('vid2', 'ุทุฑููุฉ ูุณุฌ ุงูุฒุฑุงุจู', 'ูุฑุดุฉ ุนูู ูุชุนููู ุงููุณุฌ ุงูุชูููุฏู ููุฒุฑุงุจู', 'usr003', '2024-02-28 10:00:00', 'ููุฏูู', 'โตโดฐโตโตฃโตโตโต (ุญุฑู ูุฏููุฉ)', 'https://images.com/weaving.jpg', '00:12:45', 'FHD', 'ุงูุนุฑุจูุฉ', 190, NOW(), NOW()),
('vid3', 'ุชุญุถูุฑ ุงูุฎุจุฒ ุงูุฃูุงุฒูุบู', 'ุทุฑููุฉ ุชุญุถูุฑ ุงูุฎุจุฒ ุงูุชูููุฏู ูู ุงููุฑู ุงูุทููู', 'usr006', '2024-03-20 12:30:00', 'ููุฏูู', 'โดฐโตโดฐโดฝโต (ุทุนุงู)', 'https://images.com/bread.jpg', '00:08:15', 'HD', 'ุงูุฃูุงุฒูุบูุฉ', 230, NOW(), NOW()),
('vid4', 'ุจูุงุก ุงููุตูุฑ ุงูุทูููุฉ', 'ุชูููุงุช ุงูุจูุงุก ุงูุชูููุฏูุฉ ูู ุงููุตูุฑ ุงูุฃูุงุฒูุบูุฉ', 'usr008', '2024-01-30 15:20:00', 'ููุฏูู', 'โตโตโตโตฃโดณโตโดทโดฐ (ุนูุงุฑุฉ)', 'https://images.com/ksar.jpg', '00:15:40', 'FHD', 'ุงูุนุฑุจูุฉ', 175, NOW(), NOW()),
('vid5', 'ุบูุงุก ูุจุงุฆูู', 'ุฃุบููุฉ ุชูููุฏูุฉ ูู ููุทูุฉ ุงููุจุงุฆู', 'usr001', '2024-04-05 14:00:00', 'ููุฏูู', 'โดฐโตโตโตโดฐโต (ููุณููู)', 'https://images.com/kabyle_song.jpg', '00:04:20', '4K', 'ุงููุจุงุฆููุฉ', 280, NOW(), NOW());

-- ุญูุงุฆู (10 ุญูุงุฆู)
INSERT INTO truths (id, title, content, "authorId", timestamp, category, "subcategory", image, views, "createdAt", "updatedAt") VALUES
('truth1', 'ุงูุฃูุงุฒูุบ ูู ุงูุชุงุฑูุฎ', 'ุงูุฃูุงุฒูุบ ูู ุงูุณูุงู ุงูุฃุตูููู ูุดูุงู ุฃูุฑูููุง ููุฐ ุฃูุซุฑ ูู 10000 ุนุงู', 'usr001', '2023-08-20 14:30:00', 'ุญูููุฉ', 'โตโดฐโตโตโต (ุชุงุฑูุฎ)', 'https://images.com/history.jpg', 420, NOW(), NOW()),
('truth2', 'ุชููููุงุบ', 'ุชููููุงุบ ูู ูุงุญุฏุฉ ูู ุฃูุฏู ุฃูุธูุฉ ุงููุชุงุจุฉ ูู ุงูุนุงูู', 'usr002', '2024-03-01 11:00:00', 'ุญูููุฉ', 'โตโตโดผโตโตโดฐโต (ุชููููุงุบ)', NULL, 310, NOW(), NOW()),
('truth3', 'ุงููููุฉ ุฏูููุง', 'ุงููููุฉ ุฏูููุง (ุงููุงููุฉ) ูุงุฏุช ููุงููุฉ ุถุฏ ุงููุชุญ ุงูุฅุณูุงูู ูู ุงููุฑู ุงูุณุงุจุน', 'usr008', '2024-02-15 16:20:00', 'ุญูููุฉ', 'โตโดฐโตโตโต (ุชุงุฑูุฎ)', 'https://images.com/dihya.jpg', 270, NOW(), NOW()),
('truth4', 'ุงูุชูููู ุงูุฃูุงุฒูุบู', 'ุงูุชูููู ุงูุฃูุงุฒูุบู ุฃูุฏู ูู ุงูุชูููู ุงููููุงุฏู ุจู950 ุนุงูุงู', 'usr010', '2024-01-10 09:45:00', 'ุญูููุฉ', 'โตโตโตโตโตฃ (ุฃุนูุงุฏ)', 'https://images.com/calendar.jpg', 190, NOW(), NOW()),
('truth5', 'ุงูุฃุจุฌุฏูุฉ ุงูุชููููุงุบูุฉ', 'ุชููููุงุบ ูุง ุชุฒุงู ุชุณุชุฎุฏู ุจูู ุงูุทูุงุฑู ูู ุงูุตุญุฑุงุก ุงููุจุฑู', 'usr002', '2024-03-20 13:30:00', 'ุญูููุฉ', 'โตโตโดผโตโตโดฐโต (ุชููููุงุบ)', 'https://images.com/tifinagh.jpg', 230, NOW(), NOW());

-- ุฃุณุฆูุฉ (10 ุฃุณุฆูุฉ)
INSERT INTO questions (id, title, content, "authorId", timestamp, category, "subcategory", type, answered, image, views, "createdAt", "updatedAt") VALUES
('q1', 'ุฃุตู ูููุฉ ุฃูุงุฒูุบุ', 'ูุง ูู ุงููุนูู ุงูุญุฑูู ููููุฉ "ุฃูุงุฒูุบ" ูู ุงููุบุฉ ุงูุฃูุงุฒูุบูุฉุ', 'usr003', '2024-03-05 11:20:00', 'ุณุคุงู', 'โตโดฐโตโตโดฐ (ูุบุฉ)', 'ูุนูููุงุช', true, NULL, 95, NOW(), NOW()),
('q2', 'ุงูุฑูุตุงุช ุงูุฃูุงุฒูุบูุฉ', 'ูุง ูู ุฃููุงุน ุงูุฑูุตุงุช ุงูุชูููุฏูุฉ ูู ุงูุซูุงูุฉ ุงูุฃูุงุฒูุบูุฉุ', 'usr004', '2024-04-12 14:30:00', 'ุณุคุงู', 'โดฐโตโดณโดฐโตก (ุซูุงูุฉ)', 'ููุงุด', false, NULL, 65, NOW(), NOW()),
('q3', 'ุงูุฒู ุงูุฃูุงุฒูุบู ููุฑุฌุงู', 'ูุง ูู ููููุงุช ุงูุฒู ุงูุชูููุฏู ุงูุฃูุงุฒูุบู ููุฑุฌุงูุ', 'usr009', '2024-02-22 10:15:00', 'ุณุคุงู', 'โตโตโตโตโตโต (ุฃุฒูุงุก)', 'ูุนูููุงุช', true, 'https://images.com/male_costume.jpg', 120, NOW(), NOW()),
('q4', 'ุฑููุฒ ุชููููุงุบ', 'ููู ุชููุธ ูุฐู ุงูุฑููุฒ ุงูุชููููุงุบูุฉ: โตฃ, โต, โต?', 'usr002', '2024-03-18 09:40:00', 'ุณุคุงู', 'โตโตโดผโตโตโดฐโต (ุชููููุงุบ)', 'ุชุนููู', true, NULL, 85, NOW(), NOW()),
('q5', 'ุงูููู ุงูุฃูุงุฒูุบู ููุบุฑุทุฉ', 'ูุง ูู ูุตุฉ ููุงููุฉ ุงูููู ููุบุฑุทุฉ ุถุฏ ุงูุฑููุงูุ', 'usr008', '2024-01-25 16:50:00', 'ุณุคุงู', 'โตโดฐโตโตโต (ุชุงุฑูุฎ)', 'ูุนูููุงุช', false, 'https://images.com/jugurtha.jpg', 110, NOW(), NOW());

-- ุฅุนูุงูุงุช (5 ุฅุนูุงูุงุช)
INSERT INTO ads (id, title, content, "authorId", timestamp, category, "subcategory", image, "targetAmount", "currentAmount", deadline, views, "createdAt", "updatedAt") VALUES
('ad1', 'ุชูููู ูุฏุฑุณุฉ ุฃูุงุฒูุบูุฉ', 'ุญููุฉ ุชูููู ูุจูุงุก ูุฏุฑุณุฉ ูุชุนููู ุงููุบุฉ ุงูุฃูุงุฒูุบูุฉ ูู ุงูููุงุทู ุงููุงุฆูุฉ', 'usr002', '2024-04-01 10:00:00', 'โตโตโตโตโตโตโดฐ (ุฎูุฑูุฉ)', 'โตโตโตโตโดฐ (ุชุนููู)', 'https://images.com/school.jpg', '500000', '175000', '2024-12-31', 320, NOW(), NOW()),
('ad2', 'ุญููุฉ ุทุจูุฉ ููุฃูุงุฒูุบ', 'ุฌูุน ุชุจุฑุนุงุช ูุชูููุฑ ุงูุฑุนุงูุฉ ุงูุตุญูุฉ ูู ููุงุทู ุงูุฃูุงุฒูุบ ุงููุญุฑููุฉ', 'usr007', '2024-03-15 14:20:00', 'โตโตโตโตโตโตโดฐ (ุฎูุฑูุฉ)', 'โตโตโตโตโตโต (ุทุจ)', 'https://images.com/medical.jpg', '300000', '98000', '2024-10-15', 210, NOW(), NOW()),
('ad3', 'ุญูุธ ุงูุชุฑุงุซ ุงูุฃูุงุฒูุบู', 'ูุดุฑูุน ุชูุซูู ุงูุชุฑุงุซ ุงูุซูุงูู ุงูุฃูุงุฒูุบู ุงูููุฏุฏ ุจุงูุงููุฑุงุถ', 'usr008', '2024-02-10 11:30:00', 'โดฐโตโดณโดฐโตก (ุซูุงูุฉ)', 'โดฐโตโต (ูู)', 'https://images.com/heritage.jpg', '250000', '125000', '2025-06-30', 180, NOW(), NOW());

-- ููุชุฌุงุช (10 ููุชุฌุงุช)
INSERT INTO products (id, title, content, "authorId", timestamp, category, "subcategory", image, price, currency, "inStock", sizes, colors, views, "createdAt", "updatedAt") VALUES
('prod1', 'ุณุฌุงุฏุฉ ุฃูุงุฒูุบูุฉ', 'ุณุฌุงุฏุฉ ูุฏููุฉ ุงูุตูุน ูู ุตูู ุงูุบููุ ููุด ุชูููุฏู', 'usr003', '2024-03-22 14:00:00', 'โตโดฐโตโตฃโตโตโต (ุญุฑู ูุฏููุฉ)', 'โตโดฐโตโตโตโตโตโต (ุณุฌุงุฏ)', 'https://images.com/carpet1.jpg', '1500', 'ุฏุฑูู', true, '{"2x3"}', '{"ุฃุญูุฑ","ุฃุฒุฑู"}', 95, NOW(), NOW()),
('prod2', 'ุญูู ูุถูุฉ', 'ูุฌููุนุฉ ุญูู ุชูููุฏูุฉ ูู ุงููุถุฉ ุงูุฎุงูุตุฉ', 'usr009', '2024-04-10 11:45:00', 'โตโตโดฑโตโตโตโตโต (ุญูู)', 'โตโดทโตโดฐโต (ูุฌููุฑุงุช)', 'https://images.com/jewelry1.jpg', '800', 'ุฏููุงุฑ', true, '{"ูุณุท"}', '{"ูุถู"}', 120, NOW(), NOW()),
('prod3', 'ููุฏุฑ ุทุงุฌูู', 'ุทุงุฌูู ุทููู ุชูููุฏู ููุทุจุฎ', 'usr006', '2024-02-28 09:30:00', 'โดฐโตโดฐโดฝโต (ุทุนุงู)', 'โดฐโตโตโดฝโตโดฐ (ุฃูุงูู)', 'https://images.com/tagine.jpg', '350', 'ุฏุฑูู', true, '{"ูุจูุฑ"}', '{"ุจูู","ุฃุตูุฑ"}', 85, NOW(), NOW()),
('prod4', 'ูุชุงุจ ุชููููุงุบ', 'ูุชุงุจ ูุชุนููู ูุชุงุจุฉ ุชููููุงุบ ูููุจุชุฏุฆูู', 'usr002', '2024-01-15 13:20:00', 'โตโตโตโตโดฐ (ุชุนููู)', 'โตโตโดผโตโตโดฐโต (ุชููููุงุบ)', 'https://images.com/book_tifinagh.jpg', '120', 'ููุฑู', true, NULL, '{"ุฃุฒุฑู"}', 150, NOW(), NOW()),
('prod5', 'ุฒู ุฃูุงุฒูุบู ูุณุงุฆู', 'ุฒู ุชูููุฏู ูุงูู ูููุณุงุก ูู ููุทูุฉ ุงููุจุงุฆู', 'usr009', '2024-03-05 16:40:00', 'โตโตโตโตโตโต (ุฃุฒูุงุก)', 'โตโตโตโดฐโตกโตโต (ูุณุงุฆู)', 'https://images.com/kabyle_dress.jpg', '950', 'ุฏููุงุฑ', true, '{"S","M","L"}', '{"ุฃุญูุฑ","ุฃุตูุฑ","ุฃุฎุถุฑ"}', 110, NOW(), NOW());

-- ุฅุนุฌุงุจุงุช (30 ุฅุนุฌุงุจ)
INSERT INTO likes (id, "userId", emoji, "createdAt", "postId", "bookId", "ideaId", "imageId", "videoId", "truthId", "questionId", "adId", "productId") VALUES
('like1', 'usr002', '๐', NOW(), 'post1', NULL, NULL, NULL, NULL, NULL, NULL, NULL, NULL),
('like2', 'usr003', 'โค๏ธ', NOW(), 'post1', NULL, NULL, NULL, NULL, NULL, NULL, NULL, NULL),
('like3', 'usr004', '๐', NOW(), 'post3', NULL, NULL, NULL, NULL, NULL, NULL, NULL, NULL),
('like4', 'usr005', 'โค๏ธ', NOW(), 'post2', NULL, NULL, NULL, NULL, NULL, NULL, NULL, NULL),
('like5', 'usr001', '๐', NOW(), NULL, 'book2', NULL, NULL, NULL, NULL, NULL, NULL, NULL),
('like6', 'usr003', '๐', NOW(), NULL, NULL, 'idea1', NULL, NULL, NULL, NULL, NULL, NULL),
('like7', 'usr004', 'โค๏ธ', NOW(), NULL, NULL, NULL, 'img1', NULL, NULL, NULL, NULL, NULL),
('like8', 'usr005', '๐', NOW(), NULL, NULL, NULL, NULL, 'vid1', NULL, NULL, NULL, NULL),
('like9', 'usr006', '๐', NOW(), NULL, NULL, NULL, NULL, NULL, 'truth1', NULL, NULL, NULL),
('like10', 'usr007', 'โค๏ธ', NOW(), NULL, NULL, NULL, NULL, NULL, NULL, 'q1', NULL, NULL);

-- ุชุนูููุงุช (30 ุชุนููู)
INSERT INTO comments (id, content, "userId", "createdAt", "updatedAt", "postId", "bookId", "ideaId", "imageId", "videoId", "truthId", "questionId", "adId", "productId") VALUES
('com1', 'ุณูุฉ ุฌุฏูุฏุฉ ุณุนูุฏุฉ! โตโตโตโดฐโตขโต โดฐโตโดฐโดณโตโดฐโตฃ!', 'usr003', NOW(), NOW(), 'post1', NULL, NULL, NULL, NULL, NULL, NULL, NULL, NULL),
('com2', 'ุฃูู ุณุชูุงู ุงููุฑุดุฉุ ุฃุฑูุฏ ุชุณุฌูู ุฃุทูุงูู', 'usr005', NOW(), NOW(), 'post2', NULL, NULL, NULL, NULL, NULL, NULL, NULL, NULL),
('com3', 'ุดูุฑุงู ุนูู ุงููุตูุฉุ ุฌุฑุจุชูุง ุงูููู ููุงูุช ูุฐูุฐุฉ!', 'usr004', NOW(), NOW(), 'post3', NULL, NULL, NULL, NULL, NULL, NULL, NULL, NULL),
('com4', 'ูู ูููู ุงูุญุตูู ุนูู ุฌุฏูู ุงูุญููุงุชุ', 'usr006', NOW(), NOW(), 'post4', NULL, NULL, NULL, NULL, NULL, NULL, NULL, NULL),
('com5', 'ุฃุจุญุซ ุนู ูุฐุง ุงููุชุงุจ ูู ุงูุฌุฒุงุฆุฑุ ุฃูู ุฃุฌุฏูุ', 'usr007', NOW(), NOW(), NULL, 'book1', NULL, NULL, NULL, NULL, NULL, NULL, NULL),
('com6', 'ููุฑุฉ ุฑุงุฆุนุฉ! ููู ูููู ุงููุณุงุนุฏุฉุ', 'usr008', NOW(), NOW(), NULL, NULL, 'idea1', NULL, NULL, NULL, NULL, NULL, NULL),
('com7', 'ุงูุฌูุงู ูู ุจุณุงุทุฉ ุงูุชุตูููุ ุชุญูุฉ ูููุฉ!', 'usr009', NOW(), NOW(), NULL, NULL, NULL, 'img1', NULL, NULL, NULL, NULL, NULL),
('com8', 'ุฃูู ูููู ุชุนูู ูุฐู ุงูุฑูุตุฉุ', 'usr010', NOW(), NOW(), NULL, NULL, NULL, NULL, 'vid1', NULL, NULL, NULL, NULL),
('com9', 'ูู ููุงู ูุตุงุฏุฑ ุฃูุซุฑ ุนู ูุฐุง ุงูููุถูุนุ', 'usr002', NOW(), NOW(), NULL, NULL, NULL, NULL, NULL, 'truth1', NULL, NULL, NULL),
('com10', 'ูููุฉ ุฃูุงุฒูุบ ุชุนูู ุงูุฅูุณุงู ุงูุญุฑ ุงููุจูู', 'usr001', NOW(), NOW(), NULL, NULL, NULL, NULL, NULL, NULL, 'q1', NULL, NULL);

-- ูุดุงุฑูุงุช (20 ูุดุงุฑูุฉ)
INSERT INTO shares (id, "userId", "createdAt", "postId", "bookId", "ideaId", "imageId", "videoId", "truthId", "questionId", "adId", "productId") VALUES
('share1', 'usr004', NOW(), 'post1', NULL, NULL, NULL, NULL, NULL, NULL, NULL, NULL),
('share2', 'usr005', NOW(), 'post2', NULL, NULL, NULL, NULL, NULL, NULL, NULL, NULL),
('share3', 'usr003', NOW(), 'post3', NULL, NULL, NULL, NULL, NULL, NULL, NULL, NULL),
('share4', 'usr006', NOW(), NULL, 'book1', NULL, NULL, NULL, NULL, NULL, NULL, NULL),
('share5', 'usr007', NOW(), NULL, NULL, 'idea1', NULL, NULL, NULL, NULL, NULL, NULL),
('share6', 'usr008', NOW(), NULL, NULL, NULL, 'img1', NULL, NULL, NULL, NULL, NULL),
('share7', 'usr009', NOW(), NULL, NULL, NULL, NULL, 'vid1', NULL, NULL, NULL, NULL),
('share8', 'usr010', NOW(), NULL, NULL, NULL, NULL, NULL, 'truth1', NULL, NULL, NULL),
('share9', 'usr002', NOW(), NULL, NULL, NULL, NULL, NULL, NULL, 'q1', NULL, NULL),
('share10', 'usr003', NOW(), NULL, NULL, NULL, NULL, NULL, NULL, NULL, 'ad1', NULL);

-- ุทูุจุงุช ุตุฏุงูุฉ (15 ุทูุจ)
INSERT INTO friend_requests (id, "senderId", "receiverId", status, "createdAt") VALUES
('req1', 'usr002', 'usr003', 'accepted', '2024-01-10 12:00:00'),
('req2', 'usr004', 'usr005', 'pending', '2024-02-15 14:30:00'),
('req3', 'usr001', 'usr006', 'accepted', '2024-03-05 11:20:00'),
('req4', 'usr007', 'usr008', 'rejected', '2024-02-22 09:45:00'),
('req5', 'usr009', 'usr010', 'accepted', '2024-01-18 16:30:00'),
('req6', 'usr003', 'usr005', 'pending', '2024-04-01 10:15:00'),
('req7', 'usr004', 'usr007', 'accepted', '2024-03-20 14:00:00'),
('req8', 'usr006', 'usr009', 'pending', '2024-02-28 11:30:00'),
('req9', 'usr008', 'usr002', 'accepted', '2024-01-25 15:45:00'),
('req10', 'usr010', 'usr001', 'accepted', '2024-03-15 13:20:00');

-- ุตุฏุงูุงุช (15 ุตุฏุงูุฉ)
INSERT INTO friendships (id, "userId", "friendId", "createdAt") VALUES
('ship1', 'usr002', 'usr003', '2024-01-15 10:00:00'),
('ship2', 'usr003', 'usr002', '2024-01-15 10:00:00'),
('ship3', 'usr001', 'usr006', '2024-03-10 11:30:00'),
('ship4', 'usr006', 'usr001', '2024-03-10 11:30:00'),
('ship5', 'usr009', 'usr010', '2024-01-22 14:20:00'),
('ship6', 'usr010', 'usr009', '2024-01-22 14:20:00'),
('ship7', 'usr004', 'usr007', '2024-03-25 09:45:00'),
('ship8', 'usr007', 'usr004', '2024-03-25 09:45:00'),
('ship9', 'usr008', 'usr002', '2024-01-30 16:15:00'),
('ship10', 'usr002', 'usr008', '2024-01-30 16:15:00'),
('ship11', 'usr010', 'usr001', '2024-03-20 13:45:00'),
('ship12', 'usr001', 'usr010', '2024-03-20 13:45:00');

-- ุดุงุฑุงุช ุงููุณุชุฎุฏููู (15 ุงุฑุชุจุงุท)
INSERT INTO user_badges (id, "userId", "badgeId", "earnedAt") VALUES
('ub1', 'usr001', 'badge1', '2023-12-01 16:00:00'),
('ub2', 'usr002', 'badge2', '2024-02-20 11:30:00'),
('ub3', 'usr005', 'badge3', '2023-11-15 09:00:00'),
('ub4', 'usr003', 'badge4', '2024-03-10 14:20:00'),
('ub5', 'usr007', 'badge5', '2024-01-25 10:45:00'),
('ub6', 'usr004', 'badge4', '2024-02-18 15:30:00'),
('ub7', 'usr010', 'badge5', '2023-12-20 11:15:00'),
('ub8', 'usr008', 'badge1', '2024-03-05 09:30:00'),
('ub9', 'usr009', 'badge4', '2024-04-01 13:00:00'),
('ub10', 'usr006', 'badge5', '2024-02-10 16:45:00');